Item,Price,Source,Page,Section
"Axe, Woodsman",3,Auroras,7,Ranger’s Field
Hatchet,2,Auroras,7,Ranger’s Field
Body Sleigh,8,Auroras,7,Ranger’s Field
"Cage, Fowlers’ Wooden",8,Auroras,7,Ranger’s Field
"Cage, Fowlers’ Brass",12,Auroras,7,Ranger’s Field
Cording Mallet,10,Auroras,8,Ranger’s Field
Dagger Boots,,Auroras,8,Ranger’s Field
Equipment Frame,10,Auroras,8,Ranger’s Field
Field Glass,25,Auroras,8,Ranger’s Field
Fishing Tackle,10,Auroras,9,Ranger’s Field
"Fowlers’ Snares, Small",1,Auroras,9,Ranger’s Field
"Fowlers’ Snares, Large",3,Auroras,9,Ranger’s Field
Hunting Knives Set,12,Auroras,9,Ranger’s Field
"Hunting Trap, Rabbit",4,Auroras,10,Ranger’s Field
"Hunting Trap, Boar",7,Auroras,10,Ranger’s Field
"Hunting Trap, Bear",12,Auroras,10,Ranger’s Field
"Leash, Common Cat",0.2,Auroras,10,Ranger’s Field
"Leash, Small Dog",0.4,Auroras,10,Ranger’s Field
"Leash, Common Dog",0.5,Auroras,10,Ranger’s Field
"Leash, Wolf",0.6,Auroras,10,Ranger’s Field
"Leash, Dire Wolf",0.8,Auroras,10,Ranger’s Field
Provisions Bag,3,Auroras,10,Ranger’s Field
"Rope Ladder (per 4’, 60 max)",0.1,Auroras,10,Ranger’s Field
"Saw, Folding",,Auroras,11,Ranger’s Field
"Archery Target, 2’ diameter",0.1,Auroras,11,Ranger’s Field
"Archery Target, 1’ diameter",0.3,Auroras,11,Ranger’s Field
"Archery Target, Pair 1’ pivoting",5,Auroras,11,Ranger’s Field
Tree Bed,8,Auroras,11,Ranger’s Field
Tree Bed Roof,2,Auroras,11,Ranger’s Field
Tree Seat,15,Auroras,11,Ranger’s Field
Whistle/Animal Call,1,Auroras,12,Ranger’s Field
Mini-Blade,0.1,Auroras,13,Thieves’ Corner
Rosin Cube (100 uses),0.1,Auroras,13,Thieves’ Corner
Thieves’ Powder (15 uses),0.05,Auroras,13,Thieves’ Corner
"Wired Cane, Ivory",10,Auroras,13,Thieves’ Corner
"Wired Cane, Bronze",5,Auroras,13,Thieves’ Corner
"Wired Cane, Oak",3,Auroras,13,Thieves’ Corner
Garotte,0.3,Auroras,13,Thieves’ Corner
Glass Cutter,2,Auroras,14,Thieves’ Corner
"Hacksaw, Common",5,Auroras,14,Thieves’ Corner
"Hacksaw, Superior",20,Auroras,14,Thieves’ Corner
Hinge-Removing Set,30,Auroras,14,Thieves’ Corner
Keymaking Set,40,Auroras,14,Thieves’ Corner
Lockpicks,,Auroras,15,Thieves’ Corner
"Sleep Gas, Small Flask",5,Auroras,15,Thieves’ Corner
"Sleep Gas, Man-size Flask",10,Auroras,15,Thieves’ Corner
"Sleep Gas, Large Flask",20,Auroras,15,Thieves’ Corner
Bamsmack,5,Auroras,15,Thieves’ Corner
Gigwhorls,3,Auroras,16,Thieves’ Corner
Silent Shoes,10,Auroras,16,Thieves’ Corner
Silk Bodysuit,10,Auroras,16,Thieves’ Corner
"Gnomish Cloak, Small",10,Auroras,16,Thieves’ Corner
"Gnomish Cloak, Large",12,Auroras,16,Thieves’ Corner
Tar Makeup (25 uses),3,Auroras,16,Thieves’ Corner
Weaponblack (25 uses),3,Auroras,16,Thieves’ Corner
Thieving Helmet,10,Auroras,17,Thieves’ Corner
Clamp Gauntlets,25,Auroras,17,Thieves’ Corner
Chisel Boots,25,Auroras,17,Thieves’ Corner
Climbing Irons,,Auroras,17,Thieves’ Corner
Rope Set,40,Auroras,17,Thieves’ Corner
Spider Poles,,Auroras,18,Thieves’ Corner
Bladeboots,15,Auroras,18,Thieves’ Corner
Earblade,0.1,Auroras,18,Thieves’ Corner
Files,,Auroras,18,Thieves’ Corner
Masks,,Auroras,18,Thieves’ Corner
Poison,,Auroras,19,Thieves’ Corner
Caltrops (100),2,Auroras,19,Thieves’ Corner
Marbles (100),0.8,Auroras,19,Thieves’ Corner
Aniseed (Vial),1,Auroras,19,Thieves’ Corner
Snaptraps (100),5,Auroras,19,Thieves’ Corner
Disappearing Ink,5,Auroras,19,Thieves’ Corner
Invisible Ink,5,Auroras,19,Thieves’ Corner
Disguise Kit,20,Auroras,20,Thieves’ Corner
Marked Card Deck,3,Auroras,20,Thieves’ Corner
Weighted Dice,5,Auroras,20,Thieves’ Corner
Pebbles and Shells,3,Auroras,20,Thieves’ Corner
Salves and Medicinals,varies,Auroras,20,Thieves’ Corner
Bandore (Pandora),65,Auroras,21,Bards’ Emporium
Cittern,65,Auroras,21,Bards’ Emporium
Dulcimer,60,Auroras,21,Bards’ Emporium
Dulcimer (Half-size),45,Auroras,21,Bards’ Emporium
"Lute, Chitarrone",50,Auroras,21,Bards’ Emporium
"Lute, Theorbo",45,Auroras,21,Bards’ Emporium
"Lute, Mandora",40,Auroras,21,Bards’ Emporium
"Lute, Common",35,Auroras,21,Bards’ Emporium
Mandolin,40,Auroras,22,Bards’ Emporium
"Psaltery, Triangular",65,Auroras,22,Bards’ Emporium
"Psaltery, Square",60,Auroras,22,Bards’ Emporium
Yarting,40,Auroras,22,Bards’ Emporium
Zither,65,Auroras,22,Bards’ Emporium
"Harp, Wood, Full-size",75,Auroras,22,Bards’ Emporium
"Harp, Wood, Half-scale",50,Auroras,22,Bards’ Emporium
"Harp, Silver, Half-scale",120,Auroras,22,Bards’ Emporium
"Harp, Wood, Quarter-scale",30,Auroras,22,Bards’ Emporium
"Harp, Silver, Quarter-scale",75,Auroras,22,Bards’ Emporium
Lyre,40,Auroras,22,Bards’ Emporium
Harpsichord,varies,Auroras,22,Bards’ Emporium
Violin,65,Auroras,22,Bards’ Emporium
Rebec,55,Auroras,22,Bards’ Emporium
Viol,70,Auroras,22,Bards’ Emporium
Birdpipe,20,Auroras,22,Bards’ Emporium
"Fanfare Horn, Brass",35,Auroras,24,Bards’ Emporium
Horn,40,Auroras,24,Bards’ Emporium
"Glaur, Silver",120,Auroras,24,Bards’ Emporium
"Glaur, Electrum",250,Auroras,24,Bards’ Emporium
"Glaur, Brass",75,Auroras,24,Bards’ Emporium
"Hunting Horn, Wood",20,Auroras,24,Bards’ Emporium
"Hunting Horn, Brass",35,Auroras,24,Bards’ Emporium
"Hunting Horn, Shell",35,Auroras,24,Bards’ Emporium
"Hunting Horn, Horn",30,Auroras,24,Bards’ Emporium
"Longhorn, Treble",15,Auroras,24,Bards’ Emporium
"Longhorn, Brass",15,Auroras,24,Bards’ Emporium
"Longhorn, Silver",35,Auroras,24,Bards’ Emporium
"Longhorn, Wood",10,Auroras,24,Bards’ Emporium
"Longhorn, Bamboo",15,Auroras,24,Bards’ Emporium
Sackbut,45,Auroras,24,Bards’ Emporium
Shawm,22,Auroras,25,Bards’ Emporium
Shorthorn,15,Auroras,25,Bards’ Emporium
Songhorn,15,Auroras,25,Bards’ Emporium
"Thelarr/Whistlecane, Single",6,Auroras,25,Bards’ Emporium
"Thelarr/Whistlecane, Set",25,Auroras,25,Bards’ Emporium
Zulkoon,95,Auroras,25,Bards’ Emporium
"Chimes, Full Rack",75,Auroras,26,Bards’ Emporium
"Chimes, Hand-held",5,Auroras,26,Bards’ Emporium
Hand-Drum,20,Auroras,26,Bards’ Emporium
"Rattle, Small",5,Auroras,26,Bards’ Emporium
"Rattle, Moderate",7,Auroras,26,Bards’ Emporium
"Rattle, Large",10,Auroras,26,Bards’ Emporium
Tantan,12,Auroras,26,Bards’ Emporium
Tocken,25,Auroras,26,Bards’ Emporium
Wargong,varies,Auroras,26,Bards’ Emporium
Bamsmacks,5,Auroras,27,Bards’ Emporium
Smokers,3,Auroras,27,Bards’ Emporium
Bladders (5),1,Auroras,27,Bards’ Emporium
"Ladder of Elminster, 5’",0.5,Auroras,27,Bards’ Emporium
"Ladder of Elminster, 8’",7,Auroras,27,Bards’ Emporium
"Ladder of Elminster, 10’",8,Auroras,27,Bards’ Emporium
Jester Hat w/Bells,3,Auroras,27,Bards’ Emporium
Jester Collar w/Bells,1,Auroras,27,Bards’ Emporium
Jester Satin Shirt,10,Auroras,27,Bards’ Emporium
"Jester Gloves, white",0.7,Auroras,27,Bards’ Emporium
Jester Pantaloons,8,Auroras,27,Bards’ Emporium
Jester Stockings,0.8,Auroras,27,Bards’ Emporium
Jester Shoes,12,Auroras,27,Bards’ Emporium
"Jugglables, Leather Balls",0.5,Auroras,28,Bards’ Emporium
"Jugglables, Bean-Bags",0.07,Auroras,28,Bards’ Emporium
"Jugglables, Clubs",1,Auroras,28,Bards’ Emporium
"Jugglables, Knives",0.07,Auroras,28,Bards’ Emporium
"Jugglables, Plates",0.4,Auroras,28,Bards’ Emporium
"Jugglables, Brass Stars",2,Auroras,28,Bards’ Emporium
Leaping Lever,,Auroras,28,Bards’ Emporium
"Masks, Spruce",5,Auroras,28,Bards’ Emporium
"Masks, Black Pantomime",1,Auroras,28,Bards’ Emporium
"Mask, Specialty",8,Auroras,28,Bards’ Emporium
Makeup,varies,Auroras,28,Bards’ Emporium
Plate Spinner Pins,0.03,Auroras,29,Bards’ Emporium
"Plate Spinner Plates, Wooden",0.2,Auroras,29,Bards’ Emporium
Plate Spinner Stand,0.1,Auroras,29,Bards’ Emporium
Marked Cards,3,Auroras,29,Bards’ Emporium
Cards Strung Together,4,Auroras,29,Bards’ Emporium
Hollow-Topped Hat,3,Auroras,29,Bards’ Emporium
Pocketed Scarves,1,Auroras,29,Bards’ Emporium
Foldable Cane,4,Auroras,29,Bards’ Emporium
Flowering Rods,4,Auroras,29,Bards’ Emporium
Retractable Knives,3,Auroras,29,Bards’ Emporium
Puppets/Marionettes,7,Auroras,29,Bards’ Emporium
"Puppets, Silk Dragon",15,Auroras,29,Bards’ Emporium
"Speaking Horn, Birchwood",3,Auroras,29,Bards’ Emporium
"Speaking Horn, Leather",5,Auroras,29,Bards’ Emporium
"Stilts, 1’",2,Auroras,29,Bards’ Emporium
"Stilts, 2’",3,Auroras,29,Bards’ Emporium
"Stilts, 4’",4,Auroras,29,Bards’ Emporium
"Stilts, 8’",6,Auroras,29,Bards’ Emporium
"Stilts, 12’",8,Auroras,29,Bards’ Emporium
"Stilts, 20’",12,Auroras,29,Bards’ Emporium
"Tightrope, Banded Steel",6,Auroras,30,Bards’ Emporium
Walking Ball,7,Auroras,30,Bards’ Emporium
Walking Wheel,4,Auroras,30,Bards’ Emporium
"Altar Case, Spruce",15,Auroras,31,Priests’ Alcove
"Altar Case, Granite",40,Auroras,31,Priests’ Alcove
"Altar Cloth, Linen",15,Auroras,31,Priests’ Alcove
"Altar Cloth, Velvet",30,Auroras,31,Priests’ Alcove
"Altar Cloth, Silk",35,Auroras,31,Priests’ Alcove
"Altar Cloth, Gold Brocade",40,Auroras,31,Priests’ Alcove
"Altar Cloth, Altar Case Size",3,Auroras,31,Priests’ Alcove
"Aspergill, Gold",45,Auroras,31,Priests’ Alcove
"Aspergill, Silver",20,Auroras,31,Priests’ Alcove
"Brazier, Gold, Large",110,Auroras,32,Priests’ Alcove
"Brazier, Gold, Medium",70,Auroras,32,Priests’ Alcove
"Brazier, Silver, Large",70,Auroras,32,Priests’ Alcove
"Brazier, Silver, Medium",30,Auroras,32,Priests’ Alcove
"Brazier, Silver, Field",15,Auroras,32,Priests’ Alcove
"Brazier, Bronze, Large",30,Auroras,32,Priests’ Alcove
"Brazier, Bronze, Medium",17,Auroras,32,Priests’ Alcove
"Brazier, Bronze, Field",4,Auroras,32,Priests’ Alcove
"Candle, 1-6’, per foot",4,Auroras,32,Priests’ Alcove
"Candle, 8-hour vigil",10,Auroras,32,Priests’ Alcove
"Candle, 12-hour",0.4,Auroras,32,Priests’ Alcove
"Candlestick, Gold",20,Auroras,32,Priests’ Alcove
"Candlestick, Silver",12,Auroras,32,Priests’ Alcove
"Candelabra, 6 candle, Gold",35,Auroras,32,Priests’ Alcove
"Candelabra, 6 candle, Silver",20,Auroras,32,Priests’ Alcove
"Candelabra, 12 candle, Gold",45,Auroras,32,Priests’ Alcove
"Candelabra, 12 candle, Silver",25,Auroras,32,Priests’ Alcove
"Candle Hood, Gold",7,Auroras,32,Priests’ Alcove
"Candle Hood, Silver",1,Auroras,32,Priests’ Alcove
"Censer, Gold",5,Auroras,33,Priests’ Alcove
"Censer, Silver",3,Auroras,33,Priests’ Alcove
"Censer, Brass",1,Auroras,33,Priests’ Alcove
"Holy Symbol, Gold",10,Auroras,33,Priests’ Alcove
"Holy Symbol, Silver",4,Auroras,33,Priests’ Alcove
"Holy Symbol, Bronze",1,Auroras,33,Priests’ Alcove
Razor and Cap,4,Auroras,34,Priests’ Alcove
Snuffing Bell,6,Auroras,34,Priests’ Alcove
"Incense, Air, 12 sticks",5,Auroras,34,Priests’ Alcove
"Incense, Chance, 12 sticks",9,Auroras,34,Priests’ Alcove
"Incense, Charisma, 12 sticks",10,Auroras,34,Priests’ Alcove
"Incense, Constitution, 12 sticks",10,Auroras,34,Priests’ Alcove
"Incense, Dexterity, 12 sticks",10,Auroras,34,Priests’ Alcove
"Incense, Divination, 12 sticks",,Auroras,35,Priests’ Alcove
"Incense, Dream, 12 sticks",12,Auroras,35,Priests’ Alcove
"Incense, Earth, 12 sticks",12,Auroras,35,Priests’ Alcove
"Incense, Fire, 12 sticks",12,Auroras,35,Priests’ Alcove
"Incense, General, 12 sticks",,Auroras,35,Priests’ Alcove
"Incense, Healing, 12 sticks",,Auroras,35,Priests’ Alcove
"Incense, Honors, 12 sticks",,Auroras,35,Priests’ Alcove
"Incense, Intelligence, 12 sticks",,Auroras,35,Priests’ Alcove
"Incense, Love, 12 sticks",,Auroras,35,Priests’ Alcove
"Incense, Lycanthropy, 12 sticks",8,Auroras,35,Priests’ Alcove
"Incense, Protection, 12 sticks",15,Auroras,35,Priests’ Alcove
"Incense, Psionic, 12 sticks",10,Auroras,35,Priests’ Alcove
"Incense, Purification, 12 sticks",,Auroras,35,Priests’ Alcove
"Incense, Rain, 12 sticks",10,Auroras,35,Priests’ Alcove
"Incense, Strength, 12 sticks",10,Auroras,35,Priests’ Alcove
"Incense, Study, 12 sticks",12,Auroras,35,Priests’ Alcove
"Incense, Temple, 12 sticks",5,Auroras,35,Priests’ Alcove
"Incense, Vision, 12 sticks",10,Auroras,36,Priests’ Alcove
"Incense, Water, 12 sticks",,Auroras,36,Priests’ Alcove
"Incense, Wisdom, 12 sticks",,Auroras,36,Priests’ Alcove
Spell Components,varies,Auroras,36,Priests’ Alcove
Alembic,10,Auroras,39,Wizards’ Laboratory
"Apron, Stain/Acid/Fire",4,Auroras,39,Wizards’ Laboratory
"Apron, Beard Pocket/Hood",10,Auroras,39,Wizards’ Laboratory
Astrolabe,8,Auroras,39,Wizards’ Laboratory
Armillary Sphere,60,Auroras,40,Wizards’ Laboratory
"Bag, Tea",0.01,Auroras,40,Wizards’ Laboratory
"Bag, Hand",0.03,Auroras,40,Wizards’ Laboratory
"Bag, Loaf",0.06,Auroras,40,Wizards’ Laboratory
"Bag, Flour",0.08,Auroras,40,Wizards’ Laboratory
"Bag, Grain",0.1,Auroras,40,Wizards’ Laboratory
Balance,30,Auroras,40,Wizards’ Laboratory
"Beaker, Small",0.5,Auroras,40,Wizards’ Laboratory
"Beaker, Medium",1,Auroras,40,Wizards’ Laboratory
"Beaker, Large",3,Auroras,40,Wizards’ Laboratory
"Glass Tubing, 2’",0.2,Auroras,40,Wizards’ Laboratory
Distilling Coil,5,Auroras,40,Wizards’ Laboratory
Cork Stopper,0.5,Auroras,40,Wizards’ Laboratory
"Cork Stopper, drilled",0.8,Auroras,40,Wizards’ Laboratory
Cork Connector,0.1,Auroras,40,Wizards’ Laboratory
"Bellows, Small",5,Auroras,40,Wizards’ Laboratory
"Bellows, Large",10,Auroras,40,Wizards’ Laboratory
"Brazier, Bronze, Small",5,Auroras,40,Wizards’ Laboratory
"Burner, Wax",0.5,Auroras,40,Wizards’ Laboratory
Burette w/Stopper & Stand,15,Auroras,41,Wizards’ Laboratory
Lab Cabinets and Tables,varies,Auroras,41,Wizards’ Laboratory
Centrifuge,25,Auroras,41,Wizards’ Laboratory
"Clay, 1 lbs",1,Auroras,42,Wizards’ Laboratory
"Coal, Anthracite, 1 lbs",1,Auroras,42,Wizards’ Laboratory
"Coal, Bituminous, 20 lbs",1,Auroras,42,Wizards’ Laboratory
Dissection Instrument Kit,10,Auroras,42,Wizards’ Laboratory
Easel,40,Auroras,42,Wizards’ Laboratory
File set,10,Auroras,42,Wizards’ Laboratory
"Filter, Straw, 1’ sq.",0.1,Auroras,43,Wizards’ Laboratory
"Filter, Linen, 1’ sq.",0.1,Auroras,43,Wizards’ Laboratory
"Filter, Silk, 1’ sq.",1,Auroras,43,Wizards’ Laboratory
"Gloves, Canvas",2,Auroras,43,Wizards’ Laboratory
"Gloves, Leather",5,Auroras,43,Wizards’ Laboratory
Heat Mat,0.05,Auroras,43,Wizards’ Laboratory
"Heat Mat, Superior",5,Auroras,43,Wizards’ Laboratory
"Time Glass, Half-Minute",5,Auroras,43,Wizards’ Laboratory
"Time Glass, Minute",3,Auroras,43,Wizards’ Laboratory
"Time Glass, Five Minute",7,Auroras,43,Wizards’ Laboratory
"Time Glass, Ten Minute",10,Auroras,43,Wizards’ Laboratory
"Time Glass, Hour",7,Auroras,43,Wizards’ Laboratory
"Time Glass, Two Hour",15,Auroras,43,Wizards’ Laboratory
Ice Chest,35,Auroras,43,Wizards’ Laboratory
"Ice, 1 lbs",1,Auroras,43,Wizards’ Laboratory
"Jar, 6 oz.",0.08,Auroras,44,Wizards’ Laboratory
"Jar, 12 oz.",0.1,Auroras,44,Wizards’ Laboratory
"Jar, quart",0.2,Auroras,44,Wizards’ Laboratory
"Jar, 1/2 gallon",0.3,Auroras,44,Wizards’ Laboratory
"Jar, gallon",0.5,Auroras,44,Wizards’ Laboratory
"Jar, 2 gallon",1,Auroras,44,Wizards’ Laboratory
"Jar, 5 gallon",2,Auroras,44,Wizards’ Laboratory
"Jar, 10 gallon",3,Auroras,44,Wizards’ Laboratory
"Magnet, 1”",0.5,Auroras,44,Wizards’ Laboratory
"Magnet, 2”",1,Auroras,44,Wizards’ Laboratory
"Magnet, 3”",3,Auroras,44,Wizards’ Laboratory
Magnifying Lens,2,Auroras,44,Wizards’ Laboratory
Monocle,4,Auroras,44,Wizards’ Laboratory
Spectacles,8,Auroras,44,Wizards’ Laboratory
Oven,60,Auroras,44,Wizards’ Laboratory
Kiln,120,Auroras,44,Wizards’ Laboratory
"Papyrus Pad, 25 sheets",15,Auroras,45,Wizards’ Laboratory
"Pestle and Mortar, 4 oz.",3,Auroras,45,Wizards’ Laboratory
"Pestle and Mortar, 6 oz.",6,Auroras,45,Wizards’ Laboratory
Quern,20,Auroras,45,Wizards’ Laboratory
"Vial Rack, Wood, 6 vials",1,Auroras,45,Wizards’ Laboratory
"Beaker Stand, Metal",3,Auroras,45,Wizards’ Laboratory
Heating Stand,3,Auroras,45,Wizards’ Laboratory
"Retort, 5 oz",0.5,Auroras,46,Wizards’ Laboratory
"Retort, 12 oz",1,Auroras,46,Wizards’ Laboratory
"Retort, quart",5,Auroras,46,Wizards’ Laboratory
"Glass Rod, Small",0.3,Auroras,46,Wizards’ Laboratory
"Glass Rod, Medium",0.4,Auroras,46,Wizards’ Laboratory
"Glass Rod, Large",0.8,Auroras,46,Wizards’ Laboratory
"Slate, 1’ sq.",10,Auroras,46,Wizards’ Laboratory
"Slate, 10’x6’",30,Auroras,46,Wizards’ Laboratory
"Chalk, stick",0.01,Auroras,46,Wizards’ Laboratory
"Chalk, 12 sticks",0.1,Auroras,46,Wizards’ Laboratory
"Chalk, Red or Yellow, 1 stick",0.03,Auroras,46,Wizards’ Laboratory
"Chalk, Red or Yellow, 12 sticks",0.2,Auroras,46,Wizards’ Laboratory
Sparker,0.5,Auroras,46,Wizards’ Laboratory
"Sponge, Small",0.3,Auroras,46,Wizards’ Laboratory
"Sponge, Medium",0.6,Auroras,46,Wizards’ Laboratory
"Sponge, Large",1,Auroras,46,Wizards’ Laboratory
"String, 50’",0.3,Auroras,46,Wizards’ Laboratory
"String, Flaxen, 50’",0.2,Auroras,46,Wizards’ Laboratory
"Tongs, Small",1,Auroras,47,Wizards’ Laboratory
"Tongs, Large",3,Auroras,47,Wizards’ Laboratory
Vent,30,Auroras,47,Wizards’ Laboratory
"Water Reservoir, 20 gallon",20,Auroras,47,Wizards’ Laboratory
"Water Reservoir, 25 gallon",27,Auroras,47,Wizards’ Laboratory
"Water Reservoir, 50 gallon",37,Auroras,47,Wizards’ Laboratory
Spell Components,varies,Auroras,48,Wizards’ Laboratory
Billhook,5,Auroras,51,Laborers’ List
"Harness, Carriage, 1 horse",2,Auroras,51,Laborers’ List
"Harness, Carriage, 2 horse",3,Auroras,51,Laborers’ List
"Harness, Carriage, 4 horse",5,Auroras,51,Laborers’ List
"Harness, Plow, 1 horse",5,Auroras,51,Laborers’ List
"Harness, Plow, 2 horse",7,Auroras,51,Laborers’ List
"Yoke, 1 ox",8,Auroras,51,Laborers’ List
"Yoke, 2 oxen",11,Auroras,51,Laborers’ List
"Yoke, newfangled, 1 ox",15,Auroras,51,Laborers’ List
"Yoke, newfangled, 2 oxen",20,Auroras,51,Laborers’ List
"Hoe, Iron",3,Auroras,51,Laborers’ List
"Hoe, Steel",5,Auroras,51,Laborers’ List
"Mallet, 20 lbs",5,Auroras,52,Laborers’ List
"Mallet, 30 lbs",9,Auroras,52,Laborers’ List
Pick,9,Auroras,52,Laborers’ List
"Pitchfork, 3 Pronged, Maple",2,Auroras,52,Laborers’ List
"Pitchfork, 4 Pronged, Steel",9,Auroras,52,Laborers’ List
"Plow, Small",8,Auroras,52,Laborers’ List
"Plow, Large",15,Auroras,52,Laborers’ List
"Rake, Bamboo",3,Auroras,52,Laborers’ List
"Rake, Twig",0.2,Auroras,52,Laborers’ List
Reaver,5,Auroras,53,Laborers’ List
Scythe,8,Auroras,53,Laborers’ List
Scythe Blade,5,Auroras,53,Laborers’ List
Scythe Handle,4,Auroras,53,Laborers’ List
"Seed-Sower, Leather",2,Auroras,53,Laborers’ List
"Seed-Sower, Woven Basket",5,Auroras,53,Laborers’ List
"Shovel, Gardening",3,Auroras,53,Laborers’ List
"Shovel, Coal",2,Auroras,53,Laborers’ List
"Shovel, Postholer",4,Auroras,53,Laborers’ List
"Shovel, Snowshovel",3,Auroras,53,Laborers’ List
"Shovel, Hand Spade",0.2,Auroras,53,Laborers’ List
Sickle,6,Auroras,54,Laborers’ List
Sieve,5,Auroras,54,Laborers’ List
Sieve Screen,2,Auroras,54,Laborers’ List
Weeding Claw,0.7,Auroras,54,Laborers’ List
Weeding Claw Pole,0.6,Auroras,54,Laborers’ List
Wheelbarrow,15,Auroras,54,Laborers’ List
Winnowing Flail,6,Auroras,54,Laborers’ List
"Awl, 3”",0.2,Auroras,55,Laborers’ List
"Auger, 6”",0.5,Auroras,55,Laborers’ List
Bow Drill,3,Auroras,55,Laborers’ List
"Drill Bit, Needle",0.1,Auroras,55,Laborers’ List
"Drill Bit, Nail",0.07,Auroras,55,Laborers’ List
"Drill Bit, Spike",0.3,Auroras,55,Laborers’ List
"Drill Bit, Peg",0.5,Auroras,55,Laborers’ List
"Chisel, Wood/Steel",12,Auroras,55,Laborers’ List
"Chisel, Mithral",120,Auroras,55,Laborers’ List
"Clamp, 4”",2,Auroras,55,Laborers’ List
"Clamp, 8”",5,Auroras,55,Laborers’ List
"Clamp, 16”",10,Auroras,55,Laborers’ List
"Vice, 10” table-mounted",20,Auroras,55,Laborers’ List
"Nails, 1”, 1 lbs.",0.2,Auroras,56,Laborers’ List
"Nails, 2-3”, 1 lbs.",0.1,Auroras,56,Laborers’ List
"Spike, 6”, 1 dozen",3,Auroras,56,Laborers’ List
"Spike, 1’, 1 dozen",5,Auroras,56,Laborers’ List
"Bolts, 8”, 1 lbs.",3,Auroras,56,Laborers’ List
"Nuts, 1 lbs.",2,Auroras,56,Laborers’ List
"Pegs, 1/2”, per foot",0.05,Auroras,56,Laborers’ List
"Pegs, 1”, per foot",0.1,Auroras,56,Laborers’ List
"Pegs, 2”, per foot",0.3,Auroras,56,Laborers’ List
"Wood Glue, 1 lbs.",3,Auroras,56,Laborers’ List
"Mortar, 1 lbs.",0.05,Auroras,56,Laborers’ List
"Pitch, 1 lbs.",0.1,Auroras,56,Laborers’ List
"Hammer, Claw",3,Auroras,56,Laborers’ List
"Hammer, Spike",5,Auroras,56,Laborers’ List
"Hammer, Chisel",4,Auroras,56,Laborers’ List
"Mallet, Peg-Setting",8,Auroras,56,Laborers’ List
"Mallet, Tone-Setting",10,Auroras,56,Laborers’ List
"Hinge, Jewelry-Box",0.05,Auroras,56,Laborers’ List
"Hinge, Cabinet",0.07,Auroras,56,Laborers’ List
"Hinge, Door",0.2,Auroras,56,Laborers’ List
"Hinge, Barn",0.3,Auroras,56,Laborers’ List
"Hinge, Gate",0.4,Auroras,56,Laborers’ List
"Hinge, Massive Door",5,Auroras,56,Laborers’ List
"Ladder, 2’",0.7,Auroras,57,Laborers’ List
"Ladder, 6’",3,Auroras,57,Laborers’ List
"Ladder, 10’",5,Auroras,57,Laborers’ List
"Ladder, 20’",10,Auroras,57,Laborers’ List
Lathe,20,Auroras,57,Laborers’ List
"Saw, Common Crosscut",3,Auroras,57,Laborers’ List
"Saw, Two-Person Ripsaw",7,Auroras,57,Laborers’ List
"Saw, Framed Jigsaw",8,Auroras,57,Laborers’ List
"Saw, Two-Person Logging Saw",15,Auroras,57,Laborers’ List
"Saw, Diamond-Toothed Stone Hacksaw",15,Auroras,57,Laborers’ List
"Saw, Diamond-Toothed Stone Jigsaw",17,Auroras,57,Laborers’ List
"Trowel, 5”",2,Auroras,57,Laborers’ List
"Trowel, 7”",4,Auroras,57,Laborers’ List
"Trowel, 10”",5,Auroras,57,Laborers’ List
"Anvil, 70 lbs",45,Auroras,58,Laborers’ List
"Anvil, 160 lbs",95,Auroras,58,Laborers’ List
Armor Care Kit,7,Auroras,58,Laborers’ List
"Bellows, Small",5,Auroras,58,Laborers’ List
"Bellows, Large",10,Auroras,58,Laborers’ List
"Forge, Small",50,Auroras,58,Laborers’ List
"Forge, Large",120,Auroras,58,Laborers’ List
"Fat, 1 lbs.",0.05,Auroras,59,Laborers’ List
"Wax, 1 lbs.",0.5,Auroras,59,Laborers’ List
Grindstone,20,Auroras,59,Laborers’ List
Leather Strop,0.02,Auroras,59,Laborers’ List
"Hammer, Smithing",7,Auroras,59,Laborers’ List
"Metal, Raw",varies,Auroras,60,Laborers’ List
Molds,varies,Auroras,61,Laborers’ List
"Resevoir, 50 gallon",50,Auroras,62,Laborers’ List
"Tongs, Long-Handle",5,Auroras,62,Laborers’ List
"Tongs, Short-Handle",3,Auroras,62,Laborers’ List
"Pliers, Bending",2,Auroras,62,Laborers’ List
"Pliers, Small Tooling",4,Auroras,62,Laborers’ List
Beehive,10,Auroras,62,Laborers’ List
Beehive Hat & Netting,4,Auroras,62,Laborers’ List
Branding Iron,8,Auroras,63,Laborers’ List
"Branding Iron, Personalized",13,Auroras,63,Laborers’ List
"Mallet, Butcher’s",8,Auroras,63,Laborers’ List
Meat Hooks (8),5,Auroras,63,Laborers’ List
"Long-Razor, Foldable",7,Auroras,63,Laborers’ List
"Knife, 8” Skinning",5,Auroras,63,Laborers’ List
"Knife, Trail",1,Auroras,63,Laborers’ List
"Knife, Two-Blade Folding",4,Auroras,63,Laborers’ List
Shepherd’s Crook,10,Auroras,64,Laborers’ List
Shearing Pack,15,Auroras,64,Laborers’ List
Trident,17,Auroras,64,Laborers’ List
"Bedding, Cooking, Cleaning Supplies",varies,Auroras,65,Inn and Tavern
Blank Book,varies,Auroras,67,Scribes’ Desk
"Blank Book, Lockable",varies,Auroras,67,Scribes’ Desk
Book Safe,varies,Auroras,68,Scribes’ Desk
Book Case,275,Auroras,68,Scribes’ Desk
Ink,8,Auroras,68,Scribes’ Desk
"Ink, Case (24 vials)",175,Auroras,68,Scribes’ Desk
Map-Making Kit,35,Auroras,68,Scribes’ Desk
"Parchment, Gridded (50 sheets)",45,Auroras,68,Scribes’ Desk
"Mapcase, Maple",15,Auroras,69,Scribes’ Desk
"Mapcase, Oak",4,Auroras,69,Scribes’ Desk
"Quill Pen, Case of 50",2,Auroras,69,Scribes’ Desk
"Metal Nibs, 5",12,Auroras,69,Scribes’ Desk
"Pen Set, Deluxe (32-nib kit, 14 types)",70,Auroras,69,Scribes’ Desk
Scrollcase,5,Auroras,70,Scribes’ Desk
Writing Implements & Paints,varies,Auroras,70,Scribes’ Desk
Storage Items,varies,Auroras,71,Storage Items
"Block & Tackle, 100 lb",3,Auroras,73,General Hardware
"Block & Tackle, 200 lb",7,Auroras,73,General Hardware
"Block & Tackle, 500 lb",14,Auroras,73,General Hardware
"Block & Tackle, 1000 lb",25,Auroras,73,General Hardware
"Block & Tackle, two-pulley ton",35,Auroras,73,General Hardware
"Chain, per 25 ft.",varies,Auroras,73,General Hardware
"Lock, Mithral",100,Auroras,73,General Hardware
"Lock, Adamantine",200,Auroras,73,General Hardware
"Paintbrush, 4” wide",5,Auroras,73,General Hardware
"Paintbrush, Artist’s",3,Auroras,73,General Hardware
"Rope, Hemp, per 50 ft.",varies,Auroras,74,General Hardware
"Rope, Silk, per 50 ft.",varies,Auroras,74,General Hardware
"Stocks, Head/Hand, Single",6,Auroras,74,General Hardware
"Stocks, Head/Hand, Double",10,Auroras,74,General Hardware
"Stocks, Ankle, Single",3,Auroras,74,General Hardware
"Stocks, Ankle, Double",7,Auroras,74,General Hardware
Sharpened Bench,8,Auroras,74,General Hardware
Shackle Set,10,Auroras,74,General Hardware
Tally Stick,10,Auroras,74,General Hardware
Tailor Supplies,varies,Auroras,75,Tailors’ Corner
"Bustles, Side",5,Auroras,77,Clothes and Shoes
"Bustles, Rear",9,Auroras,77,Clothes and Shoes
"Fullcloth, Gnome",1,Auroras,77,Clothes and Shoes
"Fullcloth, Halfling",3,Auroras,77,Clothes and Shoes
"Fullcloth, Elf",5,Auroras,77,Clothes and Shoes
"Fullcloth, Human",8,Auroras,77,Clothes and Shoes
"Hosiery, Gnome",0.2,Auroras,77,Clothes and Shoes
"Hosiery, Halfling",0.4,Auroras,77,Clothes and Shoes
"Hosiery, Elf",5,Auroras,77,Clothes and Shoes
"Hosiery, Human",6,Auroras,77,Clothes and Shoes
"Hose Supporters, Horse Leather",2,Auroras,78,Clothes and Shoes
"Loincloth, Gnome",0.3,Auroras,78,Clothes and Shoes
"Loincloth, Halfling",0.4,Auroras,78,Clothes and Shoes
"Loincloth, Elf",0.5,Auroras,78,Clothes and Shoes
"Loincloth, Human",0.6,Auroras,78,Clothes and Shoes
"Lounging Robes, Demihuman",5,Auroras,78,Clothes and Shoes
"Lounging Robes, Human",8,Auroras,78,Clothes and Shoes
"Nightshirt, Demihuman",4,Auroras,78,Clothes and Shoes
"Nightshirt, Human",6,Auroras,78,Clothes and Shoes
"Money Belt, 40 coins",4,Auroras,79,Clothes and Shoes
"Stockings, Demihuman",1,Auroras,79,Clothes and Shoes
"Stockings, Human",2,Auroras,79,Clothes and Shoes
"Breeches, Sack Cloth, Elf",0.5,Auroras,79,Clothes and Shoes
"Breeches, Linen, Elf",1,Auroras,79,Clothes and Shoes
"Breeches, Woolen, Elf",2,Auroras,79,Clothes and Shoes
"Breeches, Velvet, Elf",4,Auroras,79,Clothes and Shoes
"Breeches, Silk, Elf",8,Auroras,79,Clothes and Shoes
"Breeches, Halfling/Gnome",Elf * .5,Auroras,79,Clothes and Shoes
"Breeches, Human",Elf * 1.5,Auroras,79,Clothes and Shoes
"Cannons, Gnome",5,Auroras,79,Clothes and Shoes
"Cannons, Halfling",6,Auroras,79,Clothes and Shoes
"Cannons, Elf",8,Auroras,79,Clothes and Shoes
"Cannons, Human",10,Auroras,79,Clothes and Shoes
"Chemise, Sackcloth, Elf",0.8,Auroras,80,Clothes and Shoes
"Chemise, Linen, Elf",2,Auroras,80,Clothes and Shoes
"Chemise, Maztican cotton, Elf",3,Auroras,80,Clothes and Shoes
"Chemise, Silk, Elf",6,Auroras,80,Clothes and Shoes
"Codpiece, Flat",0.1,Auroras,80,Clothes and Shoes
"Codpiece, Bag",1,Auroras,80,Clothes and Shoes
"Cote, Gnome",3,Auroras,80,Clothes and Shoes
"Cote, Halfling",4,Auroras,80,Clothes and Shoes
"Cote, Elf",6,Auroras,80,Clothes and Shoes
"Cote, Human",7,Auroras,80,Clothes and Shoes
"Doublet, Gnome",0.3,Auroras,80,Clothes and Shoes
"Doublet, Halfling",0.4,Auroras,80,Clothes and Shoes
"Doublet, Elf",0.6,Auroras,80,Clothes and Shoes
"Doublet, Human",1,Auroras,80,Clothes and Shoes
"Dress, Common, Gnome",0.07,Auroras,81,Clothes and Shoes
"Dress, Common, Halfling",0.08,Auroras,81,Clothes and Shoes
"Dress, Common, Elf",0.1,Auroras,81,Clothes and Shoes
"Dress, Common, Human",0.2,Auroras,81,Clothes and Shoes
"Gown, Silk, Gnome",5,Auroras,81,Clothes and Shoes
"Gown, Silk, Halfling",7,Auroras,81,Clothes and Shoes
"Gown, Silk, Elf",10,Auroras,81,Clothes and Shoes
"Gown, Silk, Human",15,Auroras,81,Clothes and Shoes
Girdle,6,Auroras,81,Clothes and Shoes
"Belt, Leather Weapons",0.7,Auroras,81,Clothes and Shoes
"Belt, Elegant Gold-braid",25,Auroras,81,Clothes and Shoes
"Belt, Canvas",0.2,Auroras,81,Clothes and Shoes
"Belt, Leather",0.3,Auroras,81,Clothes and Shoes
"Cape, Half",0.4,Auroras,82,Clothes and Shoes
Cape,0.7,Auroras,82,Clothes and Shoes
Hat/Cap,0.1,Auroras,82,Clothes and Shoes
Turban/Beret,0.3,Auroras,82,Clothes and Shoes
"Cloak, Formal",.8-1.5,Auroras,82,Clothes and Shoes
"Cloak, Full, Cold Weather",2,Auroras,82,Clothes and Shoes
"Cloak, Fur",50,Auroras,82,Clothes and Shoes
"Cloak, Special Order",150,Auroras,82,Clothes and Shoes
"Gloves, Linen",5,Auroras,83,Clothes and Shoes
"Gloves, Silk",15,Auroras,83,Clothes and Shoes
"Gloves, Working (Canvas/Leather)",1,Auroras,83,Clothes and Shoes
Gauntlets,2,Auroras,83,Clothes and Shoes
"Gloves, Fur-lined",4,Auroras,83,Clothes and Shoes
Mittens,3,Auroras,83,Clothes and Shoes
"Gloves, Archery",4-6,Auroras,83,Clothes and Shoes
"Mittens, Evermeet",75,Auroras,83,Clothes and Shoes
"Hood, Wool/Linen",0.2,Auroras,83,Clothes and Shoes
"Hood, Fur",1,Auroras,83,Clothes and Shoes
"Jerkin, Linen",0.8,Auroras,83,Clothes and Shoes
"Jerkin, Quilted wool",1,Auroras,83,Clothes and Shoes
"Jerkin, Silk",80,Auroras,83,Clothes and Shoes
"Jerkin, Leather",10,Auroras,83,Clothes and Shoes
"Jerkin, Maztican cotton",30,Auroras,83,Clothes and Shoes
"Purse, Linen",0.3,Auroras,83,Clothes and Shoes
"Purse, Leather",2,Auroras,83,Clothes and Shoes
"Purse, Hidden Pouch",5,Auroras,83,Clothes and Shoes
"Purse, Wire Mesh",7,Auroras,83,Clothes and Shoes
"Robe, Wool/Linen",0.9,Auroras,83,Clothes and Shoes
"Robe, Silk, Mage’s",95,Auroras,83,Clothes and Shoes
"Robe, Fur Lining",75,Auroras,83,Clothes and Shoes
"Sash, Wool",0.1,Auroras,85,Clothes and Shoes
"Sash, Linen",0.2,Auroras,85,Clothes and Shoes
"Sash, Silk",10,Auroras,85,Clothes and Shoes
Scarf,0.1,Auroras,85,Clothes and Shoes
"Scarf, Printed",10,Auroras,85,Clothes and Shoes
"Muffler, Wool",0.1,Auroras,85,Clothes and Shoes
"Muffler, Linen",0.2,Auroras,85,Clothes and Shoes
"Surcoat, Linen",0.6,Auroras,85,Clothes and Shoes
"Surcoat, Quilted",2,Auroras,85,Clothes and Shoes
"Surcoat, Peltcote",20,Auroras,85,Clothes and Shoes
"Suspenders, Canvas",0.3,Auroras,85,Clothes and Shoes
"Suspenders, Leather",0.5,Auroras,85,Clothes and Shoes
Tabard,varies,Auroras,85,Clothes and Shoes
"Toga, Wool",0.8,Auroras,86,Clothes and Shoes
"Toga, Linen",0.3,Auroras,86,Clothes and Shoes
"Shoes, Dancing, Silk Slippers",0.15,Auroras,86,Clothes and Shoes
"Shoes, Dancing",35,Auroras,86,Clothes and Shoes
"Boots, Dwarf",45,Auroras,87,Clothes and Shoes
"Shoes, Elf",45,Auroras,87,Clothes and Shoes
"Boots, High, Hard",3,Auroras,87,Clothes and Shoes
"Boots, High, Soft",1,Auroras,87,Clothes and Shoes
"Boots, High, Sheepskin/Pelt",4,Auroras,87,Clothes and Shoes
"Boots, Hip",15,Auroras,87,Clothes and Shoes
"Boots, Low, Hard",2,Auroras,88,Clothes and Shoes
"Boots, Low, Soft",0.15,Auroras,88,Clothes and Shoes
"Boots, Low, Pelt",3,Auroras,88,Clothes and Shoes
Moccasins,2,Auroras,88,Clothes and Shoes
"Boots, Orc-Spiker",5,Auroras,88,Clothes and Shoes
"Boots, Riding",7,Auroras,88,Clothes and Shoes
Sandals,2,Auroras,88,Clothes and Shoes
"Slippers, Linen",0.15,Auroras,89,Clothes and Shoes
"Slippers, Quilted Silk",35,Auroras,89,Clothes and Shoes
"Slippers, Wool",0.1,Auroras,89,Clothes and Shoes
Snowshoes,20,Auroras,89,Clothes and Shoes
"Tabi, Wool",45,Auroras,89,Clothes and Shoes
"Tabi, Silk",100,Auroras,89,Clothes and Shoes
Broadbelt,6,Auroras,90,Boom’s Garden
"Bustenhalt, Leather",2,Auroras,90,Boom’s Garden
"Bustenhalt, Studded Leather",5,Auroras,90,Boom’s Garden
"Bustenhalt, Bear Fur",10,Auroras,90,Boom’s Garden
"Bustenhalt, Chain Mail",15,Auroras,90,Boom’s Garden
"Bustenhalt, Scale Mail",17,Auroras,90,Boom’s Garden
"Bustenhalt, Bronze Plate",25,Auroras,90,Boom’s Garden
"Bustenhalt, Iron",33,Auroras,90,Boom’s Garden
"Bustenhalt, Steel Plate",40,Auroras,90,Boom’s Garden
"Bustenhalt, Silver Plate",65,Auroras,90,Boom’s Garden
"Bustenhalt, Gold Plate",85,Auroras,90,Boom’s Garden
"Bustier, Bronze Plate",30,Auroras,90,Boom’s Garden
"Bustier, Iron Plate",40,Auroras,90,Boom’s Garden
"Bustier, Steel Plate",50,Auroras,90,Boom’s Garden
"Bustier, Silver Plate",75,Auroras,90,Boom’s Garden
"Bustier, Gold Plate",95,Auroras,90,Boom’s Garden
"Chemise, Leather",7,Auroras,91,Boom’s Garden
"Chemise, Chain Mail",45,Auroras,91,Boom’s Garden
"Chemise, Lace Mail",60,Auroras,91,Boom’s Garden
"Collar, Leather Spiked",10,Auroras,91,Boom’s Garden
"Corset, Leather",6,Auroras,91,Boom’s Garden
"Corset, Chain Mail",25,Auroras,91,Boom’s Garden
"Corset, Scale Mail",45,Auroras,91,Boom’s Garden
"Leggings, Full, Chain Mail",35,Auroras,92,Boom’s Garden
"Leggings, Partial, Chain Mail",33,Auroras,92,Boom’s Garden
"Loin Cloth, Stiff Leather",2,Auroras,92,Boom’s Garden
"Loin Cloth, Supple Leather",5,Auroras,92,Boom’s Garden
"Loin Cloth, Wolf Fur",9,Auroras,92,Boom’s Garden
"Loin Cloth, Bear Fur",12,Auroras,92,Boom’s Garden
"Loin Cloth, Chain Mail",20,Auroras,92,Boom’s Garden
"Loin Cloth, Scale Mail",23,Auroras,92,Boom’s Garden
"Loin Cloth, Plate Mail",35,Auroras,92,Boom’s Garden
"Loin Guard, Bronze",5,Auroras,92,Boom’s Garden
"Loin Guard, Iron",3,Auroras,92,Boom’s Garden
"Loin Guard, Steel",6,Auroras,92,Boom’s Garden
"Loin Guard, Silver",30,Auroras,92,Boom’s Garden
"Loin Guard, Gold",60,Auroras,92,Boom’s Garden
"Shoulder Plates, Bronze",3,Auroras,92,Boom’s Garden
"Shoulder Plates, Steel",5,Auroras,92,Boom’s Garden
"Shoulder Plates, Silver",20,Auroras,92,Boom’s Garden
"Shoulder Plates, Gold",40,Auroras,92,Boom’s Garden
"Skirt, Leather",10,Auroras,93,Boom’s Garden
"Skirt, Chain Mail",40,Auroras,93,Boom’s Garden
Spiked Footings,10,Auroras,93,Boom’s Garden
"Swimwear, Drow",15,Auroras,93,Boom’s Garden
Tailer,,Auroras,93,Boom’s Garden
"Necklace, Single Strand, Amber",45,Auroras,94,Jewelry
"Necklace, Double Strand, Amber",90,Auroras,94,Jewelry
"Earrings, Amber",50,Auroras,94,Jewelry
"Hair Comb, Single, Amber",25,Auroras,94,Jewelry
"Hair Comb, Pair, Amber",45,Auroras,94,Jewelry
Arm Bands,35,Auroras,94,Jewelry
"Beads, Glass, Bag (10+ varieties)",0.25,Auroras,94,Jewelry
"Necklace, Beads, Stone",40,Auroras,94,Jewelry
"Belt, Beads, Stone",40,Auroras,94,Jewelry
"Bracelet, Gold",25,Auroras,95,Jewelry
"Cuff, Gold",35,Auroras,95,Jewelry
"Bracelet, Silver",10,Auroras,95,Jewelry
"Cuff, Silver",20,Auroras,95,Jewelry
"Brooch, Silver",25,Auroras,95,Jewelry
"Brooch, Gold",45,Auroras,95,Jewelry
Gorget,50,Auroras,95,Jewelry
"Earrings, Gold Doves",35,Auroras,95,Jewelry
"Headband, Men’s",25,Auroras,95,Jewelry
"Headband, Women’s",40,Auroras,95,Jewelry
Locket,25,Auroras,96,Jewelry
Torc,50,Auroras,96,Jewelry
Pendant,45,Auroras,96,Jewelry
Fillet,60,Auroras,96,Jewelry
"Ring, Engraved",35,Auroras,96,Jewelry
"Box, Sandalwood",5,Auroras,97,Household Accoutrements
"Box, Silk",5,Auroras,97,Household Accoutrements
"Box, Lacquer",8,Auroras,97,Household Accoutrements
"Candles, Beeswax, 12",0.2,Auroras,97,Household Accoutrements
"Candles, Tallow, 12",0.1,Auroras,97,Household Accoutrements
"Door Knocker, Personalized",10,Auroras,97,Household Accoutrements
"Mirror, Wall, 3’",15,Auroras,98,Household Accoutrements
"Mirror, Wall, 5’",25,Auroras,98,Household Accoutrements
"Mirror, Hand",15,Auroras,98,Household Accoutrements
"Bell Pull, Ornamental",6,Auroras,98,Household Accoutrements
Statue,2,Auroras,98,Household Accoutrements
"Statue, 3",5,Auroras,98,Household Accoutrements
"Statue, 4",7,Auroras,98,Household Accoutrements
"Statue, 5",9,Auroras,98,Household Accoutrements
"Statue, Set",10,Auroras,98,Household Accoutrements
"Sundial, Cast Bronze",25,Auroras,98,Household Accoutrements
"Sundial, Carved Marble",35,Auroras,98,Household Accoutrements
Water Clock,20,Auroras,99,Household Accoutrements
Window Lace,75,Auroras,99,Household Accoutrements
Bath Oil,1,Auroras,100,Personal Supplies
"Brush/Comb, Gold",12,Auroras,100,Personal Supplies
"Brush/Comb, Silver",2,Auroras,100,Personal Supplies
"Brush/Comb, Tortoise Shell",1,Auroras,100,Personal Supplies
"Brush/Comb, Fine Hardwood",0.1,Auroras,100,Personal Supplies
"Handkerchief, Silk",0.5,Auroras,100,Personal Supplies
"Handkerchief, Soft Cotton",0.2,Auroras,100,Personal Supplies
"Handkerchief, Linen",0.2,Auroras,100,Personal Supplies
"Leather Strap, Shaving, 3’",0.1,Auroras,100,Personal Supplies
"Perfume, Vial, Simple",1,Auroras,100,Personal Supplies
"Perfume, Vial, Fine",3,Auroras,100,Personal Supplies
"Perfume, Vial, Very Fine",5,Auroras,100,Personal Supplies
"Perfume, Vial, Peerless",10,Auroras,100,Personal Supplies
"Face/Body Powder, 1 dry oz.",0.5,Auroras,100,Personal Supplies
Razor Kit,5,Auroras,100,Personal Supplies
Sachet,3,Auroras,101,Personal Supplies
"Snuff Box, Hardwood",3,Auroras,101,Personal Supplies
"Snuff Box, Steel",3,Auroras,101,Personal Supplies
"Snuff Box, Silver",7,Auroras,101,Personal Supplies
"Snuff Box, Gold",12,Auroras,101,Personal Supplies
"Soap, Lye",0.01,Auroras,101,Personal Supplies
"Soap, Mild",0.1,Auroras,101,Personal Supplies
"Soap, Scented",1,Auroras,101,Personal Supplies
"Scissors, Toe/Finger, Set",4,Auroras,101,Personal Supplies
"Towel, Linen Hand",0.2,Auroras,101,Personal Supplies
"Towel, Woolen Bath",0.5,Auroras,101,Personal Supplies
"Towel, Extra-Large Bath",1,Auroras,101,Personal Supplies
"Towel, Washcloth",0.1,Auroras,101,Personal Supplies
Wigs,1,Auroras,101,Personal Supplies
"Lamp, Calishite, Brass",1,Auroras,102,Illuminations
"Lamp, Calishite, Copper",5,Auroras,102,Illuminations
"Lamp, Calishite, Silver",15,Auroras,102,Illuminations
"Lamp, Calishite, Gold",50,Auroras,102,Illuminations
"Lamp, Chime",20,Auroras,102,Illuminations
"Lamp, Gnomish Firefly",0.9,Auroras,102,Illuminations
"Lamp, Hurricane, Brass",1,Auroras,103,Illuminations
"Lamp, Hurricane, Copper",4,Auroras,103,Illuminations
"Lamp, Hurricane, Silver",12,Auroras,103,Illuminations
"Lamp, Oil, Carved Onyx",0.9,Auroras,103,Illuminations
"Lamp, Oil, Worked Brass",0.5,Auroras,103,Illuminations
"Lamp, Oil, Glazed Pottery",0.1,Auroras,103,Illuminations
"Lamp, Warming",0.8,Auroras,103,Illuminations
"Lantern, Bullseye",12,Auroras,103,Illuminations
"Lantern, Fog-Cutter",15,Auroras,104,Illuminations
"Lantern, Hooded",7,Auroras,104,Illuminations
"Lantern, Infra",1700,Auroras,104,Illuminations
"Lantern,Self-Dousing",0.6,Auroras,105,Illuminations
"Lantern, Spelunker’s",20,Auroras,105,Illuminations
"Beeswax, 1 lb.",1,Auroras,105,Illuminations
"Beeswax, Colored, 1 lb.",1.1,Auroras,105,Illuminations
"Beeswax, Scented, 1 lb.",1.4,Auroras,106,Illuminations
"Brazier, Bronze",5,Auroras,106,Illuminations
Candle Molds,1.2,Auroras,106,Illuminations
Candle/Taper,0.01,Auroras,106,Illuminations
"Candlestick, Wood",0.4,Auroras,107,Illuminations
"Candlestick, Brass",0.6,Auroras,107,Illuminations
"Candlestick, Copper",0.8,Auroras,107,Illuminations
"Candlestick, Onyx",1,Auroras,107,Illuminations
"Candlestick, Pottery",0.3,Auroras,107,Illuminations
"Candlestick, Wrought Iron",3,Auroras,107,Illuminations
"Lamp Oil, 1 pint flask",0.06,Auroras,107,Illuminations
"Lamp Oil, Exotic Scented, 2 pint flask",0.4,Auroras,107,Illuminations
Tinderbox,1.5,Auroras,107,Illuminations
Flint and Steel,0.5,Auroras,107,Illuminations
Torch,0.01,Auroras,107,Illuminations
"Wick, Thin, 1 yard",0.01,Auroras,107,Illuminations
"Wick, Thick, 2 feet",0.01,Auroras,107,Illuminations
"Toy, Animal Model",1,Auroras,108,Diversions
"Ball, Leather, 2”",0.1,Auroras,108,Diversions
"Ball, Leather, 4”",0.2,Auroras,108,Diversions
"Ball, Leather, 12”",2,Auroras,108,Diversions
"Toy, Bow and Arrow Set",2,Auroras,108,Diversions
"Toy, Clockwork",2,Auroras,109,Diversions
"Toy, Clockwork, Set of 10",15,Auroras,109,Diversions
"Doll, Fabric",0.3,Auroras,109,Diversions
"Doll, Porcelain",2,Auroras,110,Diversions
Kaleidoscope,50,Auroras,110,Diversions
Marbles (20),2,Auroras,110,Diversions
"Dolls, Nesting",2,Auroras,110,Diversions
"Puppets, Various",2,Auroras,111,Diversions
"Puppets, Various, Set of 3",5,Auroras,111,Diversions
Rocking Mount,4,Auroras,111,Diversions
Tops,0.5,Auroras,112,Diversions
"Tops, Set of 5",2,Auroras,112,Diversions
"Chess Set, Traditional",20,Auroras,112,Diversions
"Chess Set, Avatar",15,Auroras,112,Diversions
"Chess Set, Horde",25,Auroras,112,Diversions
"Dice, 4d6",0.3,Auroras,113,Diversions
"Dice, Assorted Set",0.4,Auroras,113,Diversions
Draughts (Checkers),5,Auroras,113,Diversions
"Fighting Dolls, Set of 2",7,Auroras,113,Diversions
Old Men’s Bones Set,0.2,Auroras,114,Diversions
Dragon’s Bones Set,4,Auroras,114,Diversions
Table Dice (Backgammon),5,Auroras,114,Diversions
Talis Card Deck,0.3,Auroras,114,Diversions
"Foodstuffs, Provisions",varies,Auroras,115,Aurora’s Larder
"Blackbread, 4 loaves",1,Auroras,119,Breads
"Crackers, 3 dozen",0.5,Auroras,119,Breads
"Elven Bread, 1 loaf",2,Auroras,119,Breads
Fruitcake (in tin),10,Auroras,119,Breads
Gingerbread,1,Auroras,120,Breads
"Hard-Tack, 1 dozen",0.1,Auroras,120,Breads
"Noodles, Various, 1 lb.",15,Auroras,120,Breads
"Sourdough, 2 lbs. loaf",1.5,Auroras,121,Breads
"Tarts, Various, 1 dozen",1.5,Auroras,121,Breads
"Tortilla, 2 dozen",25,Auroras,121,Breads
"Arabellan Cheddar, 1 lb. wheel",0.4,Auroras,122,Cheese
"Arabellan Cheddar, 100 lb. whey",35,Auroras,122,Cheese
"Chessetan Lotus Cheese, 1 lb.",0.6,Auroras,122,Cheese
"Chessetan Lotus Cheese, 100 lb. whey",55,Auroras,122,Cheese
"Death Cheese, 1 lb. loaf",5,Auroras,122,Cheese
"Damarite Red, 1 lb. wheel",0.5,Auroras,122,Cheese
"Damarite Red, 100 lb. whey",20,Auroras,123,Cheese
"Elturian Grey, 1 lb. loaf",0.6,Auroras,123,Cheese
"Farmer’s Cheese, 1 lb. lot",0.3,Auroras,123,Cheese
"Green Calishite, 1/2 lb. loaf",0.4,Auroras,123,Cheese
"Luiren Spring Cheese, 1/2 loaf",40,Auroras,123,Cheese
"Mist Cheese, 1 lb. loaf",2,Auroras,124,Cheese
"Nut Cheese, 2 lbs. wheel",1,Auroras,124,Cheese
"Nut Cheese, 100 lb. whey",50,Auroras,124,Cheese
"Pepper Cheese, 1 lb. loaf",0.5,Auroras,124,Cheese
"Pepper Cheese, 100 lb. whey",45,Auroras,124,Cheese
"Turmish Brick, 1 lb loaf",0.4,Auroras,125,Cheese
"Turmish Brick, 100 lb. whey",35,Auroras,125,Cheese
"Vilhon Black, 1 lb loaf",0.6,Auroras,125,Cheese
"Waterdhavian Cheese, 1 lb. wheel",0.4,Auroras,125,Cheese
"Waterdhavian Cheese, 100 lb. whey",35,Auroras,125,Cheese
"Yak Butter, 1 lb.",0.4,Auroras,125,Cheese
"Yak Butter, 100 lb.",35,Auroras,125,Cheese
"Beer, Bitter Black, Barrel (30 gallons)",5,Auroras,127,Wines and Ales
"Beer, Dragon’s Breath Beer, Barrel",2,Auroras,127,Wines and Ales
"Beer, Elminster’s Choice, Barrel",2,Auroras,127,Wines and Ales
"Beer, Golden Sands Brew, Barrel",2.5,Auroras,127,Wines and Ales
"Beer, Iriaeboran North Brew, Barrel",1.2,Auroras,128,Wines and Ales
"Beer, Luiren’s Best, Barrel",5,Auroras,128,Wines and Ales
"Beer, Old One Eye, Barrel",3,Auroras,128,Wines and Ales
"Beer, Shadowdark Ale, Barrel",3.5,Auroras,128,Wines and Ales
"Beer, Suzale, Barrel",5,Auroras,128,Wines and Ales
"Beer, Tanagyr’s Stout, Barrel",6,Auroras,129,Wines and Ales
"Cider, Kneecracker, Barrel",1,Auroras,129,Wines and Ales
"Cider, Purple Hill, Barrel",5,Auroras,129,Wines and Ales
"Cider, Vilhon, Barrel",7,Auroras,129,Wines and Ales
"Wine, Arabellan Dry, Barrel",6,Auroras,129,Wines and Ales
"Wine, Berduskan Dark, Barrel",60,Auroras,129,Wines and Ales
"Wine, Blood, Barrel",10,Auroras,129,Wines and Ales
"Wine, Clarry, Barrel",5,Auroras,130,Wines and Ales
"Wine, Evermead, Bottle",30,Auroras,130,Wines and Ales
"Wine, Fire, Barrel",4.6,Auroras,130,Wines and Ales
"Wine, Mead, Barrel",20,Auroras,130,Wines and Ales
"Wine, Saerloonian Special Vat, Barrel",8,Auroras,130,Wines and Ales
"Wine, Saerloonian Glowfire, Barrel",7,Auroras,130,Wines and Ales
"Wine, Saerloonian Topaz, Barrel",5,Auroras,130,Wines and Ales
"Wine, Undermountain Alurlyath, Cask",8,Auroras,130,Wines and Ales
"Wine, Westgate Ruby, Barrel",3,Auroras,131,Wines and Ales
"Wine, Spiced, Barrel",5-7,Auroras,131,Wines and Ales
"Wine, Table, Barrel",2.5,Auroras,131,Wines and Ales
"Wine, Winter",8,Auroras,131,Wines and Ales
"Chilis, Whole, 1 lb.",100,Auroras,132,Exotics
"Chilis, Ground, 1 oz.",20,Auroras,132,Exotics
Cigars,10,Auroras,132,Exotics
"Cocoa, 1 lb.",100,Auroras,132,Exotics
"Coffee, 1 lb.",50,Auroras,132,Exotics
"Fagara, 1 lb.",100,Auroras,132,Exotics
"Garum, 1 gallon",10,Auroras,132,Exotics
"Ketjap, 1 pint",20,Auroras,133,Exotics
"Litchi Fruit, Dried, 1 lb.",50,Auroras,133,Exotics
"Litchi Fruit, Preserved, 1 pint",10,Auroras,133,Exotics
"Long Beans, Dried, 1 lb.",100,Auroras,133,Exotics
"Long Beans, Pickled, 1 quart",10,Auroras,133,Exotics
"Potato, Rootstock, 1 lb.",20,Auroras,133,Exotics
"Rice Candies, Assorted Flavors, 100",100,Auroras,133,Exotics
"Soya Sauce, 1 quart",15,Auroras,133,Exotics
"Tabacco, 1 lb.",100,Auroras,133,Exotics
"Tea, Pale Jade, 1 lb.",20,Auroras,134,Exotics
"Tea, Earth Dragon’s Eye, 1 lb.",50,Auroras,134,Exotics
"Tomato, 1 pint",10,Auroras,134,Exotics
Other Exotics,varies,Auroras,134,Exotics
"Bedroll, Cold Weather",20,Auroras,135,Wilderness Gear
"Bedroll, Warm Weather",17,Auroras,135,Wilderness Gear
"Canteen, 1 gallon",0.8,Auroras,135,Wilderness Gear
"Canteen, 3 gallon",2,Auroras,135,Wilderness Gear
"Canteen, Personal, 1/2 gallon",5,Auroras,135,Wilderness Gear
"Climbing, Ascenders",15,Auroras,135,Wilderness Gear
"Climbing, Carabiniers",10,Auroras,136,Wilderness Gear
"Climbing, Descenders",15,Auroras,136,Wilderness Gear
"Climbing, Harness",20,Auroras,136,Wilderness Gear
"Climbing, Ice Axe",10,Auroras,136,Wilderness Gear
"Climbing, Pulley",15,Auroras,136,Wilderness Gear
Firegate,3,Auroras,136,Wilderness Gear
Hammock,5,Auroras,136,Wilderness Gear
"Horns, Set of 5",4,Auroras,137,Wilderness Gear
"Insect Netting, 10’ x 20’",300,Auroras,137,Wilderness Gear
Mess Kit,8,Auroras,137,Wilderness Gear
"Poles, Telescoping, Set of 6",20,Auroras,137,Wilderness Gear
"Ration Packs, 1 week",10,Auroras,137,Wilderness Gear
"Repellents, Herbal, Candles, 1 dozen",3,Auroras,137,Wilderness Gear
"Repellents, Herbal, Flask (50 uses)",5,Auroras,137,Wilderness Gear
Rucksack,1,Auroras,138,Wilderness Gear
"Stakes, Set of 8",30,Auroras,138,Wilderness Gear
"Straps, Short, 1 dozen",0.7,Auroras,138,Wilderness Gear
"Straps, Medium, 1 dozen",1.2,Auroras,138,Wilderness Gear
"Straps, Large, 1 dozen",1,Auroras,138,Wilderness Gear
Strap Kit,2,Auroras,138,Wilderness Gear
Tent,8,Auroras,138,Wilderness Gear
"Tent, Six-Man",20,Auroras,138,Wilderness Gear
"Tinder & Flint, 1 dozen",3,Auroras,138,Wilderness Gear
Walking Stick,0.3,Auroras,138,Wilderness Gear
"Staff, Carved Ash",8,Auroras,138,Wilderness Gear
Silver & Gold Cane,varies,Auroras,138,Wilderness Gear
"Bridle, w/o Bit",1.3,Auroras,139,Wilderness Gear
Bridle w/Bit,1.5,Auroras,139,Wilderness Gear
Bridle w/Bit & Blinder,2,Auroras,139,Wilderness Gear
"Horse Harness, Single",3,Auroras,139,Wilderness Gear
"Horse Harness, Double",5,Auroras,139,Wilderness Gear
"Horse Harness, 4 horse",9,Auroras,139,Wilderness Gear
"Horse Harness, 6 horse",15,Auroras,139,Wilderness Gear
"Horse Harness, 8 horse",22,Auroras,139,Wilderness Gear
Horse Blanket/Hood,3,Auroras,139,Wilderness Gear
Horse Fly Net,2,Auroras,139,Wilderness Gear
"Oars/Paddles, 1 pair",1,Auroras,139,Wilderness Gear
"Sailcloth, per sq. yard",1,Auroras,139,Wilderness Gear
Saddle,10,Auroras,140,Wilderness Gear
Saddle Blanket,0.2,Auroras,140,Wilderness Gear
Saddlebag,2,Auroras,140,Wilderness Gear
"Sleigh, 2 person",200,Auroras,140,Wilderness Gear
"Sleigh, 4 person",300,Auroras,140,Wilderness Gear
"Skates, Strap-On",3,Auroras,140,Wilderness Gear
"Skates, Gnome",7,Auroras,140,Wilderness Gear
"Skates, Halfling",8,Auroras,140,Wilderness Gear
"Skates, Elf",9,Auroras,140,Wilderness Gear
"Skates, Human",10,Auroras,140,Wilderness Gear
Snowskis w/Poles,15,Auroras,141,Wilderness Gear
Cart,30,Auroras,141,Wilderness Gear
Wagon,80,Auroras,141,Wilderness Gear
Horse Whip,,Auroras,141,Wilderness Gear
"Bandages, 1” square, 100",0.2,Auroras,142,Priest in a Poke
"Bandages, 2” strips, 50 yd roll",1,Auroras,142,Priest in a Poke
"Balms, various",varies,Auroras,142,Priest in a Poke
"Crutches, Demihuman",4,Auroras,142,Priest in a Poke
"Crutches, Human",6,Auroras,142,Priest in a Poke
"Crutches, Armpit Rest (all sizes)",1,Auroras,142,Priest in a Poke
Cranial Drills,10,Auroras,143,Priest in a Poke
Herbal Medications,varies,Auroras,143,Priest in a Poke
"Hand Hooks, Demihuman, Steel",0.3,Auroras,143,Priest in a Poke
"Hand Hooks, Demihuman, Brass",0.9,Auroras,143,Priest in a Poke
"Hand Hooks, Demihuman, Silver",9,Auroras,143,Priest in a Poke
"Hand Hooks, Demihuman, Gold",95,Auroras,143,Priest in a Poke
"Peg Leg, Demihuman, Wood",0.07,Auroras,143,Priest in a Poke
"Peg Leg, Demihuman, Steel",0.7,Auroras,143,Priest in a Poke
"Peg Leg, Demihuman, Ivory",2,Auroras,143,Priest in a Poke
"Peg Leg, Demihuman, Brass",1.8,Auroras,143,Priest in a Poke
"Peg Leg, Demihuman, Silver",1.8,Auroras,143,Priest in a Poke
"Peg Leg, Demihuman, Gold",170,Auroras,143,Priest in a Poke
"Knife Kit, Surgical",10,Auroras,143,Priest in a Poke
"Leeches, Jar, Approx. 10",10,Auroras,144,Priest in a Poke
Limb Rod,8,Auroras,144,Priest in a Poke
"Saws, Amputation, Finger",3,Auroras,144,Priest in a Poke
"Saws, Amputation, Arms",5,Auroras,144,Priest in a Poke
"Saws, Amputation, Legs",10,Auroras,144,Priest in a Poke
"Saws, Amputation, Trunk",13,Auroras,144,Priest in a Poke
"Saws, Amputation, Joint Cutter",7,Auroras,144,Priest in a Poke
"Saws, Amputation, Snips",5,Auroras,144,Priest in a Poke
Splint Set,4,Auroras,145,Priest in a Poke
Trail Boots,5,Auroras,145,Priest in a Poke
Tooth Wrench,5,Auroras,145,Priest in a Poke
Tourniquets,0.1,Auroras,146,Priest in a Poke
"Theriaca, Antidote, 8 oz flask",5,Auroras,146,Priest in a Poke
Wound Packings,0.1,Auroras,146,Priest in a Poke
Clockpieces,75-230,Auroras,147,DaRoni’s Workshop
Furnace Wagon,150,Auroras,148,DaRoni’s Workshop
"Instruments, Mechanical",40-95,Auroras,149,DaRoni’s Workshop
Telescope,70,Auroras,150,DaRoni’s Workshop
Light Splitter,25,Auroras,150,DaRoni’s Workshop
Air Screw,75,Auroras,151,DaRoni’s Workshop
Doubles Wheel,95,Auroras,152,DaRoni’s Workshop
Heartland Flier,45,Auroras,153,DaRoni’s Workshop
Tentfall,,Auroras,153,DaRoni’s Workshop
"Sketches, Architectural",1,Auroras,154,DaRoni’s Workshop
"Sketches, Biographical",,Auroras,154,DaRoni’s Workshop
"Sketches, Biological",4,Auroras,154,DaRoni’s Workshop
"Crossbow, Great",1250,Auroras,155,DaRoni’s Workshop
"Guard, Casement",300,Auroras,156,DaRoni’s Workshop
"Foil, Ladder",250,Auroras,156,DaRoni’s Workshop
Hurler,15,Auroras,156,DaRoni’s Workshop
Missile Thrower,180,Auroras,156,DaRoni’s Workshop
"Scythe Wagon, Front",75,Auroras,157,DaRoni’s Workshop
"Scythe Wagon, Back",60,Auroras,157,DaRoni’s Workshop
"Wagon, Armored",250,Auroras,158,DaRoni’s Workshop
"Wagon, Flailing",90,Auroras,158,DaRoni’s Workshop
Aquawalker,8,Auroras,159,DaRoni’s Workshop
Diving Hood,25,Auroras,159,DaRoni’s Workshop
Underwater Boat,,Auroras,159,DaRoni’s Workshop
Water Screw,75,Auroras,159,DaRoni’s Workshop